Threads,Resolution,TotalTime
1,100x100,0.002333
2,200x200,0.005700
4,400x400,0.009347
8,800x800,0.010321
