Threads,NumFrames,TotalTime
1,1,0.019436
2,2,0.007396
4,4,0.013041
8,8,0.018714
