Threads,Resolution,TotalTime
1,100x100,0.001909
2,200x200,0.005243
4,400x400,0.009570
8,800x800,0.012680
